id,starting_latitude,starting_longitude,city,state,country,user_id,tour_id,point_id,created_at,updated_at,point_visit_activity_id,language,visit_start_time,visited_country_id
4276,55.94684486,-3.197568655,City of Edinburgh,Scotland,United Kingdom,14,2391.0,8601.0,3/15/2019 14:12,3/15/2019 14:12,4276,3,3/15/2019 14:12,75.0
5707,56.18521546,-4.049963951,Stirling,Scotland,United Kingdom,5932,3612.0,12037.0,2/18/2020 11:38,2/18/2020 11:38,5707,3,2/18/2020 11:38,75.0
6068,55.95055098,-3.184648275,City of Edinburgh,Scotland,United Kingdom,6485,3612.0,12008.0,7/26/2020 15:24,7/26/2020 15:24,6068,3,7/26/2020 15:24,75.0
7468,55.57608548,-5.139498711,Brodick,Scotland,United Kingdom,14,4347.0,15486.0,8/4/2021 13:51,8/4/2021 13:51,7468,3,8/4/2021 13:51,75.0
7727,55.95055098,-3.184648275,City of Edinburgh,Scotland,United Kingdom,8008,3612.0,12008.0,8/29/2021 12:08,8/29/2021 12:08,7727,3,8/29/2021 12:08,75.0
7892,55.93920226,-3.07990551,Musselburgh,Scotland,United Kingdom,8058,3612.0,12012.0,23:28.0,23:28.0,7892,3,23:28.0,75.0
8187,55.64078951,-5.138254166,Corrie,Scotland,United Kingdom,8230,4347.0,15489.0,46:55.3,46:55.3,8187,3,46:55.3,75.0
8188,55.57608548,-5.139498711,Brodick,Scotland,United Kingdom,8230,4347.0,15486.0,45:00.5,45:00.5,8188,3,45:00.5,75.0
10071,52.937989128541794,-1.187345936,Nottingham,England,United Kingdom,9048,4347.0,15486.0,28:44.1,28:44.1,10125,3,5/4/2022 15:28,75.0
10072,52.9397603,-1.188434917,Nottingham,England,United Kingdom,9048,4347.0,15486.0,46:30.3,46:30.3,10126,3,5/4/2022 15:46,75.0
10073,52.94106550010397,-1.190687979,Nottingham,England,United Kingdom,9048,4347.0,15486.0,00:41.6,00:41.6,10127,3,5/4/2022 16:00,75.0
10074,52.94125912648925,-1.191049069,Nottingham,England,United Kingdom,9048,4347.0,15486.0,03:25.4,03:25.4,10128,3,5/4/2022 16:03,75.0
10075,52.94028713944315,-1.19226684,Nottingham,England,United Kingdom,9048,4347.0,15486.0,05:44.7,05:44.7,10129,3,5/4/2022 16:05,75.0
11569,1.2903422,103.7739844,UNKNOWN,Unknown,Singapore,11510,4347.0,15486.0,00:31.6,00:36.7,11867,3,8/8/2022 10:00,196.0
11570,1.3010497,103.765988,Singapore,Unknown,Singapore,11510,4347.0,15486.0,03:51.7,04:03.4,11868,3,8/8/2022 10:03,196.0
11901,27.3002149,83.3316034,Kolhui,Uttar Pradesh,India,9494,6107.0,21073.0,38:28.5,38:30.6,12199,3,9/5/2022 2:38,103.0
12028,27.29608303397976,83.32845437,Kolhui,Uttar Pradesh,India,9494,6107.0,21073.0,34:38.1,34:38.1,12326,3,9/12/2022 3:34,103.0
12247,27.296122916424828,83.32834061464204,Kolhui,Uttar Pradesh,India,8190,6108.0,21082.0,32:37.9,32:37.9,12545,3,9/23/2022 4:32,103.0
12248,27.2960913,83.3283845,Kolhui,Uttar Pradesh,India,9494,6107.0,21073.0,46:26.4,46:26.4,12546,3,9/23/2022 4:46,103.0
12316,55.64076734743449,-5.138309391,Corrie,Scotland,United Kingdom,12518,4347.0,15489.0,53:39.7,53:39.7,12615,3,9/26/2022 11:53,75.0
13500,56.1857827,-4.050458,Stirling,Scotland,United Kingdom,15005,3612.0,12037.0,02:54.3,02:54.3,13906,3,3/29/2023 12:02,75.0
13540,55.9505404,-3.1847232,City of Edinburgh,Scotland,United Kingdom,15133,3612.0,12008.0,38:25.9,38:27.6,14290,3,4/5/2023 17:38,75.0
13658,55.9974931,-3.4674226,Abercorn,Scotland,United Kingdom,9739,5823.0,20201.0,48:24.0,51:02.3,14481,3,4/15/2023 8:48,75.0
13659,55.998848,-3.4720143,Abercorn,Scotland,United Kingdom,9739,5823.0,20203.0,05:46.6,07:03.3,14482,3,4/15/2023 9:05,75.0
13660,55.9978651,-3.4739254,Abercorn,Scotland,United Kingdom,9739,5823.0,20204.0,09:26.4,12:31.4,14483,3,4/15/2023 9:09,75.0
13661,55.9972964,-3.473807,Abercorn,Scotland,United Kingdom,9739,5823.0,20205.0,12:34.4,12:42.6,14484,3,4/15/2023 9:12,75.0
13662,55.9953477,-3.4677436,Abercorn,Scotland,United Kingdom,9739,5823.0,20206.0,23:49.1,26:01.5,14485,3,4/15/2023 9:23,75.0
13663,55.993492,-3.466981,Abercorn,Scotland,United Kingdom,9739,5823.0,20207.0,29:12.8,30:33.0,14486,3,4/15/2023 9:29,75.0
13664,55.9926823,-3.4657582,Abercorn,Scotland,United Kingdom,9739,5823.0,20208.0,31:44.5,33:18.0,14487,3,4/15/2023 9:31,75.0
13665,55.9944648,-3.463043,Abercorn,Scotland,United Kingdom,9739,5823.0,20210.0,42:25.7,42:25.7,14488,3,4/15/2023 9:42,75.0
13666,55.994451,-3.4628503,Abercorn,Scotland,United Kingdom,9739,5823.0,20210.0,44:24.8,10:03.2,14489,3,4/15/2023 9:44,75.0
13726,55.6517623,-3.1892784,Peebles,Scotland,United Kingdom,15445,5863.0,20369.0,42:37.4,42:37.4,14549,3,4/21/2023 9:42,75.0
13727,55.6517623,-3.1892784,Peebles,Scotland,United Kingdom,15445,5863.0,20369.0,46:26.1,46:26.1,14550,3,4/21/2023 9:46,75.0
13835,55.37983114,-3.932633226,Sanquhar,Scotland,United Kingdom,15399,5874.0,20473.0,48:24.3,48:24.3,14658,3,4/26/2023 8:48,75.0
13836,55.37983114,-3.932633226,Sanquhar,Scotland,United Kingdom,15399,5874.0,20474.0,48:24.8,48:24.8,14659,3,4/26/2023 8:48,75.0
13837,55.37983114,-3.932633226,Sanquhar,Scotland,United Kingdom,15399,5874.0,20471.0,48:25.3,48:25.3,14660,3,4/26/2023 8:48,75.0
13901,55.37980610975598,-3.932801792,Sanquhar,Scotland,United Kingdom,15406,5874.0,20474.0,27:55.3,27:55.3,14724,3,4/27/2023 9:27,75.0
13902,55.37980610975598,-3.932801792,Sanquhar,Scotland,United Kingdom,15406,5874.0,20473.0,27:55.8,27:55.8,14725,3,4/27/2023 9:27,75.0
13903,55.37980610975598,-3.932801792,Sanquhar,Scotland,United Kingdom,15406,5874.0,20471.0,27:56.3,34:56.1,14726,3,4/27/2023 9:27,75.0
13938,55.37983101855527,-3.932637039,Sanquhar,Scotland,United Kingdom,15399,5874.0,20467.0,57:54.2,57:54.2,14761,3,4/28/2023 11:57,75.0
14064,55.62456397,-3.056360112,Innerleithen,Scotland,United Kingdom,15437,5863.0,20383.0,13:35.8,13:35.8,14904,3,5/1/2023 18:13,75.0
14240,55.65181980527977,-3.189600598,Peebles,Scotland,United Kingdom,15266,5863.0,20369.0,12:42.0,12:42.0,15080,3,5/3/2023 14:12,75.0
14686,56.45911746874006,-2.966603155,Dundee,Scotland,United Kingdom,16204,5850.0,20304.0,38:07.7,06:39.7,15529,3,6/2/2023 9:38,75.0
14687,56.45899930130542,-2.969888334,Dundee,Scotland,United Kingdom,16204,5850.0,20305.0,08:35.6,08:42.5,15530,3,6/2/2023 10:08,75.0
14706,55.86290905177884,-4.250375566,Glasgow,Scotland,United Kingdom,16260,5800.0,20034.0,21:43.0,23:34.5,15549,3,6/5/2023 7:21,75.0
14719,27.29614585299405,83.32822120050936,Kolhui,Uttar Pradesh,India,9494,6107.0,21073.0,53:42.8,53:43.9,15562,3,6/6/2023 8:53,103.0
14767,55.9936278,-4.704285,Helensburgh,Scotland,United Kingdom,16401,5800.0,20035.0,08:02.6,09:05.6,15611,3,6/12/2023 12:08,75.0
14768,56.0374281,-4.7964007,Shandon,Scotland,United Kingdom,16401,5800.0,20036.0,19:42.4,19:44.5,15612,3,6/12/2023 12:19,75.0
14800,56.83722529637645,-5.086139925,Lochyside,Scotland,United Kingdom,16472,5800.0,20043.0,56:39.4,56:40.7,15644,3,6/16/2023 11:56,75.0
14805,55.37997118460987,-3.932830372,Sanquhar,Scotland,United Kingdom,16520,5874.0,20467.0,15:38.4,15:40.3,15649,3,6/19/2023 9:15,75.0
14806,55.3800205,-3.9328156,Sanquhar,Scotland,United Kingdom,16521,5874.0,20467.0,16:06.4,17:54.6,15650,3,6/19/2023 9:16,75.0
14807,55.3805678,-3.9316134,Sanquhar,Scotland,United Kingdom,16521,5874.0,20468.0,18:56.6,21:17.6,15651,3,6/19/2023 9:18,75.0
14808,55.3845002,-3.9324033,Sanquhar,Scotland,United Kingdom,16521,5874.0,20469.0,31:51.0,31:51.0,15652,3,6/19/2023 9:31,75.0
14809,55.38507539318479,-3.933246285,Sanquhar,Scotland,United Kingdom,16520,5874.0,20469.0,37:50.9,37:51.4,15653,3,6/19/2023 9:37,75.0
14810,55.383024,-3.9351835,Sanquhar,Scotland,United Kingdom,16521,5874.0,20471.0,54:22.9,01:58.8,15654,3,6/19/2023 10:54,75.0
14811,55.3842431,-3.9346885,Sanquhar,Scotland,United Kingdom,16521,5874.0,20470.0,01:58.3,03:37.4,15655,3,6/19/2023 11:01,75.0
14812,55.3832518,-3.9335283,Sanquhar,Scotland,United Kingdom,16521,5874.0,20474.0,04:43.7,06:38.4,15656,3,6/19/2023 11:04,75.0
14813,55.3837479,-3.9335848,Sanquhar,Scotland,United Kingdom,16521,5874.0,20473.0,06:41.7,06:51.5,15657,3,6/19/2023 11:06,75.0
14814,55.384142,-3.9335505,Sanquhar,Scotland,United Kingdom,16521,5874.0,20472.0,09:05.9,21:18.7,15658,3,6/19/2023 11:09,75.0
14815,55.38447491200522,-3.933982725,Sanquhar,Scotland,United Kingdom,16520,5874.0,20472.0,11:21.8,11:22.7,15659,3,6/19/2023 11:11,75.0
14816,55.3818424,-3.9315577,Sanquhar,Scotland,United Kingdom,16521,5874.0,20476.0,27:18.5,29:24.1,15660,3,6/19/2023 11:27,75.0
14841,55.86245344,-4.251189947,Glasgow,Scotland,United Kingdom,16565,5800.0,20034.0,36:14.8,36:14.8,15685,3,6/21/2023 11:36,75.0
14862,55.9936093,-4.704161,Helensburgh,Scotland,United Kingdom,16648,5800.0,20035.0,04:17.4,05:17.7,15706,3,6/26/2023 8:04,75.0
14863,55.9936513,-4.7042605,Helensburgh,Scotland,United Kingdom,16657,5800.0,20035.0,04:18.9,05:18.7,15707,3,6/26/2023 8:04,75.0
14864,56.0364675,-4.7954552,Shandon,Scotland,United Kingdom,16657,5800.0,20036.0,14:31.2,15:09.7,15708,3,6/26/2023 8:14,75.0
14865,56.4337094,-4.7138991,Tyndrum,Scotland,United Kingdom,16657,5800.0,20037.0,30:23.2,31:18.8,15709,3,6/26/2023 9:30,75.0
14866,55.8626992,-4.2507421,Glasgow,Scotland,United Kingdom,16653,5800.0,20034.0,35:26.4,40:01.0,15710,3,6/26/2023 9:35,75.0
14867,55.8632011,-4.2505384,Glasgow,Scotland,United Kingdom,16659,5800.0,20034.0,38:00.1,38:20.2,15711,3,6/26/2023 9:37,75.0
14868,56.454963,-5.3461733,Connel,Scotland,United Kingdom,16657,5800.0,20038.0,20:59.9,21:45.3,15712,3,6/26/2023 10:20,75.0
14870,55.9946211,-4.7093688,Helensburgh,Scotland,United Kingdom,16659,5800.0,20035.0,27:33.7,28:14.5,15714,3,6/26/2023 10:27,75.0
14871,55.9937867,-4.7051883,Helensburgh,Scotland,United Kingdom,16653,5800.0,20035.0,27:39.3,28:15.0,15715,3,6/26/2023 10:27,75.0
14874,55.9940691,-4.7090864,Helensburgh,Scotland,United Kingdom,16665,5800.0,20035.0,02:37.3,03:20.4,15718,3,6/26/2023 12:02,75.0
14875,56.0366933,-4.7957731,Shandon,Scotland,United Kingdom,16665,5800.0,20036.0,13:34.0,14:11.7,15719,3,6/26/2023 12:13,75.0
14881,56.4346362,-4.7037652,Tyndrum,Scotland,United Kingdom,16665,5800.0,20039.0,43:03.5,48:56.3,15725,3,6/26/2023 13:43,75.0
14887,55.9936488,-4.7045776,Helensburgh,Scotland,United Kingdom,16407,5800.0,20035.0,02:19.5,35:41.3,15731,3,6/27/2023 12:02,75.0
14917,55.99771009631868,-3.471400225,Abercorn,Scotland,United Kingdom,12889,5823.0,20202.0,10:04.1,10:07.1,15761,3,7/1/2023 10:10,75.0
14997,55.86280523030974,-4.250571537,Glasgow,Scotland,United Kingdom,16858,5800.0,20034.0,22:14.4,22:14.4,15841,3,7/4/2023 7:22,75.0
14998,55.993584867323165,-4.704156112,Helensburgh,Scotland,United Kingdom,16858,5800.0,20035.0,06:22.0,06:22.0,15842,3,7/4/2023 8:06,75.0
14999,55.99376425090605,-4.70573103,Helensburgh,Scotland,United Kingdom,16858,5800.0,20035.0,07:38.3,07:38.3,15843,3,7/4/2023 8:07,75.0
15000,56.03659033923034,-4.795709061,Shandon,Scotland,United Kingdom,16858,5800.0,20036.0,16:14.0,16:14.0,15844,3,7/4/2023 8:16,75.0
15001,56.03945039244026,-4.798167878,Shandon,Scotland,United Kingdom,16858,5800.0,20036.0,16:27.9,16:29.9,15845,3,7/4/2023 8:16,75.0
15002,56.43449654138183,-4.703785703,Tyndrum,Scotland,United Kingdom,16858,5800.0,20039.0,37:29.1,37:30.8,15846,3,7/4/2023 9:37,75.0
15048,55.38160140049128,-3.931513174,Sanquhar,Scotland,United Kingdom,16917,5874.0,20476.0,49:08.0,49:10.8,15892,3,7/7/2023 11:49,75.0
15049,55.381859904225145,-3.932751442,Sanquhar,Scotland,United Kingdom,16917,5874.0,20475.0,52:27.9,52:28.9,15893,3,7/7/2023 11:52,75.0
15050,55.38461130237288,-3.932460582,Sanquhar,Scotland,United Kingdom,16917,5874.0,20469.0,07:18.6,07:18.6,15894,3,7/7/2023 12:07,75.0
15177,55.8626808,-4.2509111,Glasgow,Scotland,United Kingdom,17101,5800.0,20034.0,50:07.8,22:11.0,16022,3,7/16/2023 10:50,75.0
15211,55.99448673,-3.462633696,Abercorn,Scotland,United Kingdom,17244,5823.0,20210.0,20:54.2,20:58.2,16056,3,7/20/2023 10:20,75.0
15258,55.994646522774346,-3.459095974,Abercorn,Scotland,United Kingdom,17043,5823.0,20196.0,50:01.3,50:04.7,16103,3,7/27/2023 11:50,75.0
15388,55.86245344,-4.251189947,Glasgow,Scotland,United Kingdom,17578,5800.0,20034.0,23:50.4,23:50.4,16233,3,8/3/2023 7:23,75.0
15417,56.8376391,-5.0658659,Lochyside,Scotland,United Kingdom,17645,5800.0,20042.0,44:47.3,45:39.8,16262,3,8/6/2023 10:44,75.0
15421,56.49009790290513,-4.729689258,UNKNOWN,Scotland,United Kingdom,17646,5800.0,20040.0,09:06.6,09:10.1,16266,3,8/6/2023 12:09,75.0
15422,56.4343542,-4.7032445,Tyndrum,Scotland,United Kingdom,17645,5800.0,20039.0,18:35.1,32:36.8,16267,3,8/6/2023 12:18,75.0
15453,55.3834051,-3.9342416,Sanquhar,Scotland,United Kingdom,17686,5874.0,20471.0,19:02.2,24:44.4,16299,3,8/8/2023 12:19,75.0
15454,55.3840697,-3.933857,Sanquhar,Scotland,United Kingdom,17686,5874.0,20472.0,24:58.7,29:10.4,16300,3,8/8/2023 12:24,75.0
15455,55.3838996,-3.9330858,Sanquhar,Scotland,United Kingdom,17686,5874.0,20473.0,29:10.7,37:25.3,16301,3,8/8/2023 12:29,75.0
15456,55.3848822,-3.9339444,Sanquhar,Scotland,United Kingdom,17686,5874.0,20472.0,43:07.5,43:29.7,16302,3,8/8/2023 12:43,75.0
15457,55.3849785,-3.9337058,Sanquhar,Scotland,United Kingdom,17686,5874.0,20469.0,43:33.5,43:33.5,16303,3,8/8/2023 12:43,75.0
15458,55.3815325,-3.9315408,Sanquhar,Scotland,United Kingdom,17686,5874.0,20476.0,02:26.5,11:37.7,16304,3,8/8/2023 13:02,75.0
15459,55.3822756,-3.9328372,Sanquhar,Scotland,United Kingdom,17686,5874.0,20475.0,11:38.7,14:50.6,16305,3,8/8/2023 13:11,75.0
15505,56.03647498226235,-4.795606782,Shandon,Scotland,United Kingdom,17675,5800.0,20036.0,13:13.7,13:14.2,16351,3,8/10/2023 8:13,75.0
15506,56.43416913790395,-4.703281365,Tyndrum,Scotland,United Kingdom,17675,5800.0,20039.0,31:23.5,31:26.0,16352,3,8/10/2023 9:31,75.0
15513,55.9961677,-3.4619412,Abercorn,Scotland,United Kingdom,17772,5823.0,20199.0,26:52.7,27:15.3,16359,3,8/10/2023 13:26,75.0
15514,55.996378,-3.4629161,Abercorn,Scotland,United Kingdom,17772,5823.0,20200.0,29:12.5,31:01.3,16360,3,8/10/2023 13:29,75.0
15515,55.9948583,-3.46652,Abercorn,Scotland,United Kingdom,17772,5823.0,20206.0,50:53.4,50:57.3,16361,3,8/10/2023 13:50,75.0
15516,55.997562,-3.4682449,Abercorn,Scotland,United Kingdom,17772,5823.0,20201.0,54:03.2,54:03.2,16362,3,8/10/2023 13:54,75.0
15530,55.9947659,-4.711811858,Helensburgh,Scotland,United Kingdom,17812,5800.0,20035.0,19:12.1,19:12.1,16376,3,8/12/2023 12:19,75.0
15531,55.9505404,-3.1847242,City of Edinburgh,Scotland,United Kingdom,17798,3612.0,12008.0,26:53.8,27:00.6,16377,3,8/12/2023 14:26,75.0
15547,55.5938595,-5.1507614,UNKNOWN,Scotland,United Kingdom,17857,4347.0,15488.0,37:01.0,37:43.0,16393,3,8/14/2023 11:36,75.0
15566,55.3819097,-3.9327473,Sanquhar,Scotland,United Kingdom,17873,5874.0,20475.0,22:27.8,22:55.3,16412,3,8/15/2023 13:22,75.0
15567,55.3815486,-3.9315733,Sanquhar,Scotland,United Kingdom,17873,5874.0,20476.0,05:51.6,15:54.3,16413,3,8/15/2023 14:05,75.0
15568,55.3839131,-3.9328641,Sanquhar,Scotland,United Kingdom,17873,5874.0,20473.0,21:42.8,26:24.5,16414,3,8/15/2023 14:21,75.0
15569,55.3846243,-3.934163,Sanquhar,Scotland,United Kingdom,17873,5874.0,20472.0,26:24.7,26:24.7,16415,3,8/15/2023 14:26,75.0
15594,56.0365314,-4.7956748,Shandon,Scotland,United Kingdom,17907,5800.0,20036.0,12:57.9,13:35.7,16440,3,8/16/2023 12:12,75.0
15597,56.4305723,-4.7067902,Tyndrum,Scotland,United Kingdom,17907,5800.0,20039.0,29:31.9,30:05.7,16443,3,8/16/2023 13:29,75.0
15598,56.4312789,-4.7078936,Tyndrum,Scotland,United Kingdom,17907,5800.0,20037.0,29:37.0,33:38.7,16444,3,8/16/2023 13:29,75.0
15617,56.434175,-4.703483,Tyndrum,Scotland,United Kingdom,17913,5800.0,20039.0,36:04.0,46:08.7,16463,3,8/17/2023 13:35,75.0
15618,56.4886244,-4.7255649,UNKNOWN,Scotland,United Kingdom,17913,5800.0,20040.0,46:08.4,46:10.3,16464,3,8/17/2023 13:46,75.0
15619,56.8397166,-5.0552544,Lochyside,Scotland,United Kingdom,17913,5800.0,20042.0,05:24.0,06:00.8,16465,3,8/17/2023 15:05,75.0
15620,56.8351181,-5.0841152,Lochyside,Scotland,United Kingdom,17913,5800.0,20043.0,23:03.0,24:13.5,16466,3,8/17/2023 15:23,75.0
15716,56.599833439157294,-3.340995004,Blairgowrie and Rattray,Scotland,United Kingdom,17964,5868.0,20431.0,38:14.8,38:15.4,16562,3,8/21/2023 20:38,75.0
15717,56.599833439157294,-3.340995004,Blairgowrie and Rattray,Scotland,United Kingdom,17964,5868.0,20433.0,38:15.3,38:15.3,16563,3,8/21/2023 20:38,75.0
15718,55.86247474608345,-4.251266219,Glasgow,Scotland,United Kingdom,18033,5800.0,20034.0,22:41.2,22:46.8,16564,3,8/22/2023 7:22,75.0
15731,56.4625631,-2.9711051,Dundee,Scotland,United Kingdom,18038,5850.0,20314.0,02:35.4,03:09.3,16577,3,8/23/2023 12:02,75.0
15760,56.03651115835673,-4.795608924,Shandon,Scotland,United Kingdom,17669,5800.0,20036.0,14:27.6,14:29.6,16606,3,8/24/2023 12:14,75.0
15808,55.86245344,-4.251189947,Glasgow,Scotland,United Kingdom,18128,5800.0,20034.0,22:41.6,22:41.6,16654,3,8/28/2023 7:22,75.0
15809,56.43466836,-4.70375603,Tyndrum,Scotland,United Kingdom,18128,5800.0,20039.0,38:22.0,38:22.0,16655,3,8/28/2023 9:38,75.0
15814,58.1865816,-5.0614646,Lochinver,Scotland,United Kingdom,18138,5799.0,20052.0,59:54.7,00:00.0,16660,3,8/29/2023 13:59,75.0
15815,57.8958849,-5.1580038,Ullapool,Scotland,United Kingdom,18138,5799.0,20045.0,32:53.1,34:32.8,16661,3,8/29/2023 15:32,75.0
15816,55.38155955199798,-3.931526747,Sanquhar,Scotland,United Kingdom,16482,5874.0,20476.0,00:25.4,00:26.2,16662,3,8/30/2023 10:00,75.0
15817,55.38217882726072,-3.932795271,Sanquhar,Scotland,United Kingdom,16482,5874.0,20475.0,13:50.4,13:51.4,16663,3,8/30/2023 10:13,75.0
15818,55.38369891811016,-3.932863691,Sanquhar,Scotland,United Kingdom,16482,5874.0,20473.0,20:27.8,20:28.3,16664,3,8/30/2023 10:20,75.0
15820,55.38471111426283,-3.932937991,Sanquhar,Scotland,United Kingdom,16482,5874.0,20469.0,36:32.9,36:33.3,16666,3,8/30/2023 10:36,75.0
15821,55.38495489,-3.933856681,Sanquhar,Scotland,United Kingdom,16482,5874.0,20472.0,44:23.2,44:24.4,16667,3,8/30/2023 10:44,75.0
15822,55.38409438,-3.934695097,Sanquhar,Scotland,United Kingdom,16482,5874.0,20470.0,49:17.7,49:18.3,16668,3,8/30/2023 10:49,75.0
15823,55.384035911462966,-3.934591329,Sanquhar,Scotland,United Kingdom,16482,5874.0,20470.0,50:42.9,50:43.3,16669,3,8/30/2023 10:50,75.0
15981,55.3803121,-3.9326839,Sanquhar,Scotland,United Kingdom,18312,5874.0,20467.0,03:26.5,04:36.5,16828,3,9/8/2023 10:03,75.0
15982,55.3805882,-3.9315562,Sanquhar,Scotland,United Kingdom,18312,5874.0,20468.0,05:20.5,09:23.2,16829,3,9/8/2023 10:05,75.0
15983,55.3847982,-3.9328722,Sanquhar,Scotland,United Kingdom,18312,5874.0,20469.0,24:02.0,27:03.4,16830,3,9/8/2023 10:24,75.0
15984,55.3846069,-3.9338212,Sanquhar,Scotland,United Kingdom,18312,5874.0,20472.0,45:16.5,45:16.5,16831,3,9/8/2023 10:45,75.0
15985,55.3845872,-3.9340736,Sanquhar,Scotland,United Kingdom,18312,5874.0,20472.0,47:00.7,56:18.4,16832,3,9/8/2023 10:46,75.0
15986,55.3834484,-3.9326916,Sanquhar,Scotland,United Kingdom,18312,5874.0,20474.0,56:19.7,58:42.5,16833,3,9/8/2023 10:56,75.0
15987,55.3835169,-3.9328358,Sanquhar,Scotland,United Kingdom,18312,5874.0,20473.0,56:26.7,56:35.1,16834,3,9/8/2023 10:56,75.0
15988,55.3831712,-3.9339967,Sanquhar,Scotland,United Kingdom,18312,5874.0,20471.0,59:13.2,42:30.0,16835,3,9/8/2023 10:59,75.0
15989,55.3815496,-3.9313761,Sanquhar,Scotland,United Kingdom,18312,5874.0,20476.0,42:34.9,15:39.1,16836,3,9/8/2023 11:42,75.0
15990,55.3797636,-3.9326592,Sanquhar,Scotland,United Kingdom,18312,5874.0,20467.0,15:40.6,15:40.6,16837,3,9/8/2023 12:15,75.0
15995,55.86278515873126,-4.250775408,Glasgow,Scotland,United Kingdom,18323,5800.0,20034.0,19:57.6,19:58.3,16842,3,9/9/2023 11:19,75.0
15996,55.38012176659965,-3.932744856,Sanquhar,Scotland,United Kingdom,18333,5874.0,20467.0,28:36.6,28:39.7,16843,3,9/9/2023 11:28,75.0
15997,55.38160737629228,-3.931471635,Sanquhar,Scotland,United Kingdom,18333,5874.0,20476.0,41:06.6,41:07.8,16844,3,9/9/2023 11:41,75.0
16008,55.3798084,-3.932866,Sanquhar,Scotland,United Kingdom,18362,5874.0,20467.0,25:13.4,27:01.1,16855,3,9/12/2023 12:25,75.0
16009,55.380547,-3.9315333,Sanquhar,Scotland,United Kingdom,18362,5874.0,20468.0,27:46.3,29:33.2,16856,3,9/12/2023 12:27,75.0
16010,55.3845053,-3.9325935,Sanquhar,Scotland,United Kingdom,18362,5874.0,20469.0,46:43.3,02:18.2,16857,3,9/12/2023 12:46,75.0
16011,55.3848496,-3.934057,Sanquhar,Scotland,United Kingdom,18362,5874.0,20472.0,03:04.6,04:27.0,16858,3,9/12/2023 13:03,75.0
16012,55.3844937,-3.9347784,Sanquhar,Scotland,United Kingdom,18362,5874.0,20470.0,04:30.4,08:02.2,16859,3,9/12/2023 13:04,75.0
16013,55.384106,-3.9335193,Sanquhar,Scotland,United Kingdom,18362,5874.0,20473.0,19:42.4,22:38.1,16860,3,9/12/2023 13:19,75.0
16014,55.3835063,-3.9328148,Sanquhar,Scotland,United Kingdom,18362,5874.0,20474.0,22:22.6,24:26.1,16861,3,9/12/2023 13:22,75.0
16015,55.3830626,-3.9340094,Sanquhar,Scotland,United Kingdom,18362,5874.0,20471.0,25:39.3,34:51.1,16862,3,9/12/2023 13:25,75.0
16016,55.3826845,-3.9327543,Sanquhar,Scotland,United Kingdom,18362,5874.0,20475.0,49:14.9,01:08.2,16863,3,9/12/2023 13:49,75.0
16017,55.3815315,-3.9325918,Sanquhar,Scotland,United Kingdom,18362,5874.0,20476.0,01:47.7,07:05.3,16864,3,9/12/2023 14:01,75.0
16033,55.3816234,-3.9311283,Sanquhar,Scotland,United Kingdom,18408,5874.0,20476.0,31:27.5,33:06.3,16880,3,9/16/2023 6:31,75.0
16034,55.3818589,-3.9327681,Sanquhar,Scotland,United Kingdom,18408,5874.0,20475.0,34:10.1,36:20.2,16881,3,9/16/2023 6:34,75.0
16035,55.3827386,-3.9328376,Sanquhar,Scotland,United Kingdom,18408,5874.0,20474.0,35:53.2,37:18.5,16882,3,9/16/2023 6:35,75.0
16036,55.383939,-3.9329661,Sanquhar,Scotland,United Kingdom,18408,5874.0,20473.0,40:27.9,42:05.7,16883,3,9/16/2023 6:40,75.0
16037,55.3843366,-3.933936,Sanquhar,Scotland,United Kingdom,18408,5874.0,20472.0,42:06.2,48:00.3,16884,3,9/16/2023 6:42,75.0
16038,55.3850894,-3.9332112,Sanquhar,Scotland,United Kingdom,18408,5874.0,20469.0,48:00.7,48:00.7,16885,3,9/16/2023 6:47,75.0
16039,55.863024,-4.2510243,Glasgow,Scotland,United Kingdom,18349,5800.0,20034.0,20:54.0,23:29.5,16886,3,9/16/2023 7:20,75.0
16040,55.9936246,-4.7041591,Colgrain,Scotland,United Kingdom,18349,5800.0,20035.0,05:54.0,06:54.8,16887,3,9/16/2023 8:05,75.0
16041,56.0364686,-4.7955193,Shandon,Scotland,United Kingdom,18349,5800.0,20036.0,16:08.1,16:08.1,16888,3,9/16/2023 8:16,75.0
16042,56.4313304,-4.7079322,Tyndrum,Scotland,United Kingdom,18349,5800.0,20037.0,26:49.8,29:54.6,16889,3,9/16/2023 9:26,75.0
16086,56.4365739,-4.7194539,Tyndrum,Scotland,United Kingdom,18349,5800.0,20037.0,18:29.9,21:25.1,16933,3,9/17/2023 16:18,75.0
16087,56.4312422,-4.7077179,Tyndrum,Scotland,United Kingdom,18349,5800.0,20039.0,21:23.1,21:30.8,16934,3,9/17/2023 16:21,75.0
16095,56.0445151,-4.8024528,Shandon,Scotland,United Kingdom,18349,5800.0,20036.0,25:44.2,26:20.8,16942,3,9/17/2023 17:25,75.0
16196,56.4339268,-4.7030765,Tyndrum,Scotland,United Kingdom,18535,5800.0,20039.0,29:58.4,29:58.4,17044,3,9/23/2023 9:29,75.0
16197,56.4346701,-4.7037117,Tyndrum,Scotland,United Kingdom,18535,5800.0,20039.0,30:32.5,34:10.7,17045,3,9/23/2023 9:30,75.0
16198,56.4346588,-4.7037718,Tyndrum,Scotland,United Kingdom,18553,5800.0,20039.0,30:33.9,41:02.3,17046,3,9/23/2023 9:30,75.0
16199,56.4873245,-4.7192898,UNKNOWN,Scotland,United Kingdom,18535,5800.0,20040.0,40:29.5,41:37.5,17047,3,9/23/2023 9:40,75.0
16200,56.4902433,-4.7292145,UNKNOWN,Scotland,United Kingdom,18553,5800.0,20040.0,41:02.4,41:03.7,17048,3,9/23/2023 9:41,75.0
16201,56.7517418,-4.6778956,UNKNOWN,Scotland,United Kingdom,18535,5800.0,20041.0,18:25.1,23:35.7,17049,3,9/23/2023 10:18,75.0
16202,56.8407604,-5.0512185,Torlundy,Scotland,United Kingdom,18535,5800.0,20042.0,04:09.3,04:52.3,17050,3,9/23/2023 11:04,75.0
16203,56.8407746,-5.0512346,Torlundy,Scotland,United Kingdom,18545,5800.0,20042.0,04:10.3,04:53.4,17051,3,9/23/2023 11:04,75.0
16204,56.8350083,-5.0840868,Lochyside,Scotland,United Kingdom,18535,5800.0,20043.0,16:57.7,27:15.4,17052,3,9/23/2023 11:16,75.0
16205,56.8377614,-5.0870343,Lochyside,Scotland,United Kingdom,18553,5800.0,20043.0,17:24.6,19:19.8,17053,3,9/23/2023 11:17,75.0
16206,56.8389251,-5.0888306,Lochyside,Scotland,United Kingdom,18545,5800.0,20043.0,17:37.6,18:20.4,17054,3,9/23/2023 11:17,75.0
16223,55.86245344,-4.251189947,Glasgow,Scotland,United Kingdom,18575,5800.0,20034.0,28:59.4,28:59.4,17071,3,9/24/2023 11:28,75.0
16224,55.86245344,-4.251189947,Glasgow,Scotland,United Kingdom,18575,5800.0,20034.0,33:36.6,33:36.6,17072,3,9/24/2023 11:33,75.0
16251,55.99422336747906,-4.706335149,Helensburgh,Scotland,United Kingdom,18647,5800.0,20035.0,05:29.7,05:31.4,17099,3,9/29/2023 12:05,75.0
16256,56.60954193704788,-3.003410952,Glamis,Scotland,United Kingdom,15141,6106.0,21069.0,34:03.6,34:03.6,17104,3,9/30/2023 14:34,75.0
16551,55.8588903,-4.2518946,Glasgow,Scotland,United Kingdom,18932,5800.0,20034.0,22:45.0,22:50.3,17399,3,10/17/2023 7:22,75.0
16552,55.8627967,-4.2497457,Glasgow,Scotland,United Kingdom,18930,5800.0,20034.0,22:50.6,22:54.7,17400,3,10/17/2023 7:22,75.0
16553,56.0368632,-4.795894,Shandon,Scotland,United Kingdom,18931,5800.0,20036.0,14:14.6,14:52.7,17401,3,10/17/2023 8:14,75.0
16554,56.84194072870456,-5.09300796,Banavie,Scotland,United Kingdom,18948,5800.0,20043.0,20:33.8,20:34.2,17402,3,10/18/2023 7:20,75.0
16903,55.86237598560884,-4.25107669,Glasgow,Scotland,United Kingdom,19590,5800.0,20034.0,13:31.7,13:32.3,17789,3,12/14/2023 12:13,75.0
16978,55.862016,-4.2514102,Glasgow,Scotland,United Kingdom,19756,5800.0,20034.0,14:13.6,14:13.6,17864,3,1/4/2024 12:14,75.0
16979,56.4344261,-4.7036216,Tyndrum,Scotland,United Kingdom,19756,5800.0,20039.0,37:58.9,37:58.9,17865,3,1/4/2024 14:37,75.0
17039,55.686886,-3.525219,Wester Walston,Scotland,United Kingdom,7145,6110.0,21102.0,47:44.3,47:44.3,17925,3,1/22/2024 11:00,75.0
17040,58.44594899,-3.0910126,Wick,Scotland,United Kingdom,7145,6109.0,21085.0,49:12.4,49:12.4,17926,3,1/22/2024 11:00,75.0
17041,56.5549825,-2.5878081,Arbroath,Scotland,United Kingdom,9494,6107.0,21073.0,51:46.9,35:55.8,17927,3,1/22/2024 11:00,75.0
17042,55.59216128,-5.156834084,Cladach,Scotland,United Kingdom,8190,6108.0,21082.0,53:53.9,36:57.4,17928,3,1/22/2024 11:00,75.0
17043,56.5530778,-5.414287,Port Appin,Scotland,United Kingdom,12626,6111.0,21104.0,56:02.7,56:02.7,17929,3,1/22/2024 11:00,75.0
17044,56.33972452,-2.79154966,St Andrews,Scotland,United Kingdom,12626,6369.0,21378.0,57:56.9,38:23.0,17930,3,1/22/2024 11:00,75.0
17045,55.6976971,-5.2753884,Millhill,Scotland,United Kingdom,14731,6367.0,21355.0,00:30.1,00:30.1,17931,3,1/22/2024 11:00,75.0
17046,57.1836012,-2.6743462,UNKNOWN,Scotland,United Kingdom,14731,6364.0,22846.0,02:29.0,02:29.0,17932,3,1/22/2024 11:00,75.0
17047,59.06927697,-3.309140915,Quoyloo,Scotland,United Kingdom,14733,6368.0,21366.0,04:16.6,04:16.6,17933,3,1/22/2024 11:00,75.0
17048,55.95055098,-3.184648275,City of Edinburgh,Scotland,United Kingdom,14734,3612.0,12008.0,06:33.1,06:33.1,17934,3,1/22/2024 11:00,75.0
17049,55.98083136,-3.789503471,Falkirk,Scotland,United Kingdom,15336,6365.0,21350.0,09:21.1,09:21.1,17935,3,1/22/2024 11:00,75.0
17050,56.33972452,-2.79154966,St Andrews,Scotland,United Kingdom,16416,6369.0,21378.0,13:24.0,13:24.0,17936,3,1/22/2024 11:00,75.0
17051,56.33972452,-2.79154966,St Andrews,Scotland,United Kingdom,15115,6369.0,21378.0,42:47.5,42:47.5,17937,3,1/22/2024 11:00,75.0
17052,55.686886,-3.525219,Wester Walston,Scotland,United Kingdom,15115,6110.0,21102.0,44:46.1,44:46.1,17938,3,1/22/2024 11:00,75.0
17124,55.99360865190399,-4.70430988,Colgrain,Scotland,United Kingdom,20162,5800.0,20035.0,05:35.7,05:36.1,18011,3,2/8/2024 9:05,75.0
17125,56.43464084457129,-4.703829682,Tyndrum,Scotland,United Kingdom,20162,5800.0,20039.0,32:49.2,32:50.5,18012,3,2/8/2024 10:32,75.0
17126,56.88364528693116,-5.657112405,Lochailort,Scotland,United Kingdom,20162,5800.0,20044.0,09:04.6,09:09.2,18013,3,2/8/2024 13:09,75.0
17127,57.87949005,-4.023058042,UNKNOWN,Unknown,UNKNOWN,20185,5870.0,20459.0,01:05.2,01:05.2,18014,3,2/9/2024 17:01,75.0
17249,56.4609683,-2.9695776,Dundee,Scotland,United Kingdom,20367,5850.0,20308.0,19:22.3,19:34.2,18136,3,2/23/2024 11:19,75.0
17250,56.4613288,-2.9691149,Dundee,Scotland,United Kingdom,20367,5850.0,20309.0,29:37.5,29:42.4,18137,3,2/23/2024 11:29,75.0
17251,56.4612688,-2.9690869,Dundee,Scotland,United Kingdom,20367,5850.0,20313.0,30:11.7,42:03.1,18138,3,2/23/2024 11:30,75.0
17252,56.4612467,-2.9684703,Dundee,Scotland,United Kingdom,20372,5850.0,20313.0,32:28.4,41:15.3,18139,3,2/23/2024 11:32,75.0
17268,55.86170500144971,-4.250924832,Glasgow,Scotland,United Kingdom,20256,5800.0,20034.0,39:53.9,39:55.2,18155,3,2/27/2024 20:39,75.0
17269,55.86290113653134,-4.250641648,Glasgow,Scotland,United Kingdom,20256,5800.0,20034.0,22:20.3,22:20.8,18156,3,2/28/2024 8:22,75.0
17272,56.036624112218654,-4.795656446,Shandon,Scotland,United Kingdom,20459,5800.0,20036.0,14:59.6,15:00.9,18159,3,2/29/2024 9:14,75.0
17369,55.86245344,-4.251189947,Glasgow,Scotland,United Kingdom,20534,5800.0,20034.0,19:47.2,19:47.2,18257,3,3/4/2024 12:19,75.0
17370,55.86245344,-4.251189947,Glasgow,Scotland,United Kingdom,20534,5800.0,20034.0,20:34.6,20:34.6,18258,3,3/4/2024 12:20,75.0
17380,55.86421934199405,-4.253558397,Glasgow,Scotland,United Kingdom,20568,5800.0,20034.0,33:37.1,33:43.1,18268,3,3/8/2024 12:33,75.0
17385,55.8617763,-4.2483661,Glasgow,Scotland,United Kingdom,20626,5800.0,20034.0,12:25.8,12:25.8,18273,3,3/12/2024 8:12,75.0
17386,56.4881624,-4.7227219,UNKNOWN,Scotland,United Kingdom,20626,5800.0,20040.0,44:14.7,44:14.7,18274,3,3/12/2024 14:44,75.0
17444,56.835045,-5.084125,Lochyside,Scotland,United Kingdom,20854,5800.0,20043.0,20:21.5,21:29.3,18332,3,3/26/2024 12:20,75.0
